date,category,title,Tag1,Tag2,url,description
"Aug 17, 2021",Research and Reports,"The UK, France, and the United States in Sweden’s vicinity: Strategic interests and military activities",Europe & Eurasia,European Union,https://www.atlanticcouncil.org/in-depth-research-reports/the-uk-france-and-the-united-states-in-swedens-vicinity/,"As a response to the deteriorated security situation, following Russia’s illegal annexation of Crimea and war in eastern Ukraine, the UK, France, and the United States have substantially increased their presence and engagement in Sweden’s vicinity."
"Aug 17, 2021",Research and Reports,Whither the Arabs: The end of the welfare state and the start of a journey into the unknown,Economy & Business,Middle East,https://www.atlanticcouncil.org/in-depth-research-reports/whither-the-arabs-the-end-of-the-welfare-state-and-the-start-of-a-journey-into-the-unknown/,"Arab countries, rich and poor, large and small, are rapidly approaching a moment of reckoning. A confluence of anachronistic governance, economic mismanagement, and disruptive technology, which has changed the dynamics of both the supply and demand for hydrocarbon fuels and raw materials, is pushing the region to a tipping point."
"Aug 16, 2021",Research and Reports,EU-US Future Forum 2021: A path forward for transatlantic relations,Economy & Business,Energy & Environment,https://www.atlanticcouncil.org/in-depth-research-reports/issue-brief/eu-us-future-forum-2021-a-path-forward-for-transatlantic-relations/,"From May 5 to 7, the Atlantic Council’s Europe Center and the EU Delegation to the United States partnered to organize the first EU-US Future Forum (EUFF), a three-day open conference bringing together policy makers, experts, and the private sector to address the key challenges facing the transatlantic relationship in the coming decades."
"Aug 23, 2021",Commentary and Analysis,David Petraeus: ‘The Taliban are about to be acquainted with a very harsh reality—that they are broke’,,,https://www.atlanticcouncil.org/blogs/new-atlanticist/david-petraeus-the-taliban-are-about-to-be-acquainted-with-a-very-harsh-reality-that-they-are-broke/,"General David Petraeus told the Atlantic Council that it is time to recognize a new reality and to move forward after Afghanistan. But, he says, the United States still has an opportunity to influence the Taliban."
"Aug 23, 2021",Commentary and Analysis,Event recap: “On the frontline: Protecting Afghanistan’s human rights defenders”,Afghanistan,Human Rights,https://www.atlanticcouncil.org/blogs/southasiasource/event-recap-on-the-frontline-protecting-afghanistans-human-rights-defenders/,"On August 5th, 2021, the Atlantic Council’s South Asia Center, held a discussion with some of Afghanistan’s leading human rights defenders (HRDs) and experts to explore what lies ahead for the activists who put their lives on the line to fight impunity, militancy, and violence."
"Aug 20, 2021",Commentary and Analysis,Afghanistan’s media landscape under the Taliban,Afghanistan,Conflict,https://www.atlanticcouncil.org/commentary/press-and-members-call/atlantic-council-press-call-protecting-americans-and-their-afghan-allies-in-afghanistan/,"In this interview, the Atlantic Council’s South Asia Center and Radio Free Europe/Radio Liberty partnered for a discussion on the prospects for Afghanistan’s media sector under renewed Taliban rule. Jamie Fly, president of RFE/RL, as well as moderator Irfan Nooruddin, director of the South Asia Center, led the conversation."
"Aug 20, 2021",Commentary and Analysis,What is the key to national prosperity?,Economy & Business,Pakistan,https://www.atlanticcouncil.org/blogs/southasiasource/afghanistans-media-landscape-under-the-taliban/,"Mr. Raza Hasan’s book, Prosperity for All Nations: A Call to Action, highlights the need for effective, open, and responsive democratic government structures to help developing countries like Pakistan, and argues that national prosperity is achieved through a distributed governance structure and collective decision-making. 
This pre-recorded roundtable discussion brought together successful entrepreneurs and thought leaders with a wide range of experiences to share."
"Aug 20, 2021",Commentary and Analysis,Four scenarios of Afghanistan under the Taliban,Afghanistan,Conflict,https://www.atlanticcouncil.org/blogs/southasiasource/what-is-the-key-to-national-prosperity/,"After capturing Kabul at lightning speed—surprising analysts and security experts alike—the Taliban are now poised to assume leadership once again in Afghanistan. In lieu of these developments, four potential trajectories warrant attention in the near to medium term."
